   ,CODE,NAME,NAME,SHORT_NAME
1,1241.1,Автовокзали та інші будівлі автомобільного транспорту.,Державний класифікатор будівель та споруд (ДК 018:2000),ДК 018:2000
2,2112.7,Автомобільні дороги сільськогосподарських підприємств.,Державний класифікатор будівель та споруд (ДК 018:2000),ДК 018:2000
3,2141.1,"Автомобільні мости, шляхопроводи та естакади надземні.",Державний класифікатор будівель та споруд (ДК 018:2000),ДК 018:2000
4,211,"Автостради, вулиці та дороги.",Державний класифікатор будівель та споруд (ДК 018:2000),ДК 018:2000
5,2111,"Автостради.<br><i>Цей клас включає:</i><br><ul><li>автомобільні шляхи та дороги для магістральних трас, включаючи перехрестя та транспортні розв'язки в різних рівнях.</li></ul><br><i>Цей клас включає також:</i><br><ul><li>пристрої для освітлення, сигналізації, забезпечення безпеки та стоянок.</li></ul><br><i>Цей клас не включає:</i><br><ul><li>станції технічного обслуговування автомобілів (12.30);</li><li>мости та естакади (21.41);</li><li>тунелі та метро (21.42).</li></ul>",Державний класифікатор будівель та споруд (ДК 018:2000),ДК 018:2000
6,1220.5,Адміністративно-побутові будівлі промислових підприємств.,Державний класифікатор будівель та споруд (ДК 018:2000),ДК 018:2000
7,1241.4,Аеровокзали та інші будівлі повітряного транспорту.,Державний класифікатор будівель та споруд (ДК 018:2000),ДК 018:2000
8,2153.1,"Акведуки, дюкери.",Державний класифікатор будівель та споруд (ДК 018:2000),ДК 018:2000
9,2153,"Акведуки, зрошувальні та осушувальні споруди.<br><i>Цей клас включає:</i><br><ul><li>зрошувальні канали та інші споруди, що постачають воду у землеробстві;</li><li>акведуки.</li></ul><br><i>Цей клас включає також:</i><br><ul><li>дренажні та зливові споруди.</li></ul><br><i>Цей клас не включає:</i><br><ul><li>акведуки, що є історичними пам'ятками (12.73);</li><li>дамби (21.52);</li><li>водопроводи (22.12, 22.22).</li></ul>",Державний класифікатор будівель та споруд (ДК 018:2000),ДК 018:2000
10,1241.8,"Ангари для літаків, локомотивні, вагонні, трамвайні та тролейбусні депо.",Державний класифікатор будівель та споруд (ДК 018:2000),ДК 018:2000
11,1273.2,"Археологічні розкопки, руїни та історичні місця, що охороняються державою.",Державний класифікатор будівель та споруд (ДК 018:2000),ДК 018:2000
12,1230.5,Бази та склади підприємств торгівлі й громадського харчування.,Державний класифікатор будівель та споруд (ДК 018:2000),ДК 018:2000
13,1265.2,Басейни криті для плавання.,Державний класифікатор будівель та споруд (ДК 018:2000),ДК 018:2000
14,1262.2,"Бібліотеки, книгосховища.",Державний класифікатор будівель та споруд (ДК 018:2000),ДК 018:2000
15,1122.1,Будинки багатоквартирні масової забудови.,Державний класифікатор будівель та споруд (ДК 018:2000),ДК 018:2000
16,1122.2,"Будинки багатоквартирні підвищеної комфортності, індивідуальні.",Державний класифікатор будівель та споруд (ДК 018:2000),ДК 018:2000
17,1110.4,Будинки дачні та садові.,Державний класифікатор будівель та споруд (ДК 018:2000),ДК 018:2000
18,1121.1,Будинки двоквартирні масової забудови.,Державний класифікатор будівель та споруд (ДК 018:2000),ДК 018:2000
19,1130.5,Будинки дитини та сирітські будинки.,Державний класифікатор будівель та споруд (ДК 018:2000),ДК 018:2000
20,1130.6,"Будинки для біженців, притулки для бездомних.",Державний класифікатор будівель та споруд (ДК 018:2000),ДК 018:2000
21,1130.9,Будинки для колективного проживання інші.,Державний класифікатор будівель та споруд (ДК 018:2000),ДК 018:2000
22,1122.3,Будинки житлові готельного типу.,Державний класифікатор будівель та споруд (ДК 018:2000),ДК 018:2000
23,1121,"Будинки з двома квартирами.<br><i>Цей клас включає:</i><br><ul><li>відокремлені, спарені або зблоковані будинки з двома квартирами.</li></ul><br><i>Цей клас не включає:</i><br><ul><li>спарені або зблоковані будинки з окремими квартирами, що мають свій власний вхід з вулиці (11.10).</li></ul>",Державний класифікатор будівель та споруд (ДК 018:2000),ДК 018:2000
24,112,Будинки з двома та більше квартирами.,Державний класифікатор будівель та споруд (ДК 018:2000),ДК 018:2000
25,1122,"Будинки з трьома та більше квартирами. <br><i>Цей клас включає:</i><br><ul><li>інші житлові будинки з трьома та більше квартирами.</li></ul><br><i>Цей клас не включає:</i><ul><li>гуртожитки (11.30);</li><li>готелі (12.11);</li><li>туристичні бази, табори та будинки відпочинку (12.12).</li></ul>",Державний класифікатор будівель та споруд (ДК 018:2000),ДК 018:2000
26,111,Будинки одноквартирні.,Державний класифікатор будівель та споруд (ДК 018:2000),ДК 018:2000
27,1110.1,Будинки одноквартирні масової забудови.,Державний класифікатор будівель та споруд (ДК 018:2000),ДК 018:2000
28,1110,"Будинки одноквартирні.<br>Цей клас включає: <ul><li>відокремлені житлові будинки садибного типу (міські, позаміські, сільські), вілли, дачі, будинки для персоналу лісового господарства, літні будинки для тимчасового проживання, садові будинки та т. ін.</li></ul><br><i>Цей клас включає також:</i><br><ul><li>спарені або зблоковані будинки з окремими квартирами, що мають свій власний вхід з вулиці.</li></ul><br><i>Цей клас не включає:</i><br><ul><li>нежитлові сільськогосподарські будинки (12.71).</li></ul>",Державний класифікатор будівель та споруд (ДК 018:2000),ДК 018:2000
29,1110.3,Будинки садибного типу.,Державний класифікатор будівель та споруд (ДК 018:2000),ДК 018:2000
30,1130.4,Будинки-інтернати для людей похилого віку та інвалідів.,Державний класифікатор будівель та споруд (ДК 018:2000),ДК 018:2000
32,1262.5,Будівлі архівів.,Державний класифікатор будівель та споруд (ДК 018:2000),ДК 018:2000
33,1274.3,"Будівлі виправних закладів, в'язниць та слідчих ізоляторів.",Державний класифікатор будівель та споруд (ДК 018:2000),ДК 018:2000
34,1263.2,Будівлі вищих навчальних закладів.,Державний класифікатор будівель та споруд (ДК 018:2000),ДК 018:2000
35,1211,"Будівлі готельні.<br><i>Цей клас включає:</i><br><ul><li>готелі, мотелі, кемпінги, пасіонати та подібні заклади з надання житла з рестораном або без нього.</li></ul><br><i>Цей клас включає також:</i><br><ul><li>окремі ресторани та бари.</li></ul><br><i>Цей клас не включає:</i><br><ul><li>ресторани в житлових будинках (11.22);</li><li>туристичні бази, гірські притулки, табори для відпочинку, будинки відпочинку (12.12);</li><li>ресторани в торгових центрах (12.30).</li></ul>",Державний класифікатор будівель та споруд (ДК 018:2000),ДК 018:2000
36,1271.3,Будівлі для зберігання зерна.,Державний класифікатор будівель та споруд (ДК 018:2000),ДК 018:2000
37,1220.9,Будівлі для конторських та адміністративних цілей інші.,Державний класифікатор будівель та споруд (ДК 018:2000),ДК 018:2000
38,1272,"Будівлі для культової та релігійної діяльності.<br><i>Цей клас включає:</i><br><ul><li>церкви, каплиці, мечеті, синагоги та т. ін.</li></ul><br><i>Цей клас включає також:</i><br><ul><li>цвинтарі та похоронні споруди, ритуальні зали, крематорії.</li></ul><br><i>Цей клас не включає:</i><br><ul><li>світські релігійні будівлі (12.62);</li><li>культові та релігійні будівлі, що не використовуються за призначенням, а є пам'ятками історії та архітектури (12.73).</li></ul>",Державний класифікатор будівель та споруд (ДК 018:2000),ДК 018:2000
39,1271.2,Будівлі для птахівництва.,Державний класифікатор будівель та споруд (ДК 018:2000),ДК 018:2000
40,126,"Будівлі для публічних виступів, закладів освітнього, медичного та оздоровчого призначення.",Державний класифікатор будівель та споруд (ДК 018:2000),ДК 018:2000
41,1261.9,Будівлі для публічних виступів інші.,Державний класифікатор будівель та споруд (ДК 018:2000),ДК 018:2000
42,1261,"Будівлі для публічних виступів.<br><i>Цей клас включає:</i><br><ul><li>кінотеатри, концертні будівлі, театри та т. ін.;</li><li>зали засідань та багатоцільові зали, що використовуються, головним чином, для публічних виступів;</li><li>казино, цирки, музичні зали та дискотеки, естради та т. ін.</li></ul><br><i>Цей клас не включає:</i><br><ul><li>музеї, художні галереї (12.62);</li><li>спортивні зали (12.65);</li><li>парки для відпочинку та розваг (24.12).</li></ul>",Державний класифікатор будівель та споруд (ДК 018:2000),ДК 018:2000
43,1271.5,"Будівлі для садівництва, виноградарства та виноробства.",Державний класифікатор будівель та споруд (ДК 018:2000),ДК 018:2000
44,1271.1,Будівлі для тваринництва.,Державний класифікатор будівель та споруд (ДК 018:2000),ДК 018:2000
45,1263.5,Будівлі дошкільних та позашкільних навчальних закладів.,Державний класифікатор будівель та споруд (ДК 018:2000),ДК 018:2000
46,11,Будівлі житлові.,Державний класифікатор будівель та споруд (ДК 018:2000),ДК 018:2000
47,1274.5,Будівлі з облаштування населених пунктів.,Державний класифікатор будівель та споруд (ДК 018:2000),ДК 018:2000
48,1263.7,Будівлі закладів з фахової перепідготовки.,Державний класифікатор будівель та споруд (ДК 018:2000),ДК 018:2000
49,1220.4,Будівлі закордонних представництв.,Державний класифікатор будівель та споруд (ДК 018:2000),ДК 018:2000
50,1262.6,Будівлі зоологічних та ботанічних садів.,Державний класифікатор будівель та споруд (ДК 018:2000),ДК 018:2000
51,1251.9,"Будівлі інших промислових виробництв, включаючи поліграфічне.",Державний класифікатор будівель та споруд (ДК 018:2000),ДК 018:2000
52,1274,"Будівлі інші, не класифіковані раніше.<br><i>Цей клас включає:</i><br><ul><li>виправні заклади, в'язниці, слідчі ізолятори, армійські казарми, будівлі міліцейських иа пожежних служб.</li></ul><br><i>Цей клас включає також:</i><br><ul><li>будівлі, такі як автобусні зупинки, громадські туалети, пральні, лазні та т. ін.</li></ul><br><i>Цей клас не включає:</i><br><ul><li>телефонні кіоски (12.41);</li><li>госпіталі виправних закладів, в'язниць, збройних сил (12.64);</li><li>військові інженерні споруди (24.20).</li></ul>",Державний класифікатор будівель та споруд (ДК 018:2000),ДК 018:2000
53,1274.4,Будівлі лазень та пралень.,Державний класифікатор будівель та споруд (ДК 018:2000),ДК 018:2000
54,1264,"Будівлі лікарень та оздоровчих закладів.<br><i>Цей клас включає:</i><br><ul><li>заклади з надання медичної допомоги хворим та травмованим пацієнтам;</li><li>санаторії, профілакторії, спеціалізовані лікарні, психіатричні диспансери, пологові будинки, материнські та дитячі реабілітаційні центри.</li></ul><br><i>Цей клас включає також:</i><br><ul><li>лікарні навчальних закладів, шпиталі виправних закладів, в'язниць та збройних сил;</li><li>будівлі, що використовуються для термального та соляного лікування, функціональної реабілітації, пунктів переливання крові, пунктів донорського грудного молока та т. ін.</li></ul><br><i>Цей клас не включає:</i><br><ul><li>будинки-інтернати для людей похилого віку та інвалідів (11.30).</li></ul>",Державний класифікатор будівель та споруд (ДК 018:2000),ДК 018:2000
55,1263.8,"Будівлі метеорологічних станцій, обсерваторій.",Державний класифікатор будівель та споруд (ДК 018:2000),ДК 018:2000
56,1274.2,Будівлі міліцейських та пожежних служб.,Державний класифікатор будівель та споруд (ДК 018:2000),ДК 018:2000
57,1241.3,Будівлі міського електротранспорту.,Державний класифікатор будівель та споруд (ДК 018:2000),ДК 018:2000
58,1263,"Будівлі навчальних та дослідних закладів.<br><i>Цей клас включає:</i><br><ul><li>будівлі для дошкільного та початкового навчання, отримання середньої освіти (дитячі ясла та сади, школи, коледжі, ліцеї, гімназії тощо), спеціалізовані (фахові) школи, професійно-технічні навчальні заклади;</li><li>будівлі для вищих навчальних закладів, науково-дослідних закладів, лабораторій.</li></ul><br><i>Цей клас включає також:</i><br><ul><li>спеціалізовані школи для дітей з фізичними або розумовими вадами;</li><li>заклади для фахової перепідготовки;</li><li>метеорологічні станції, обсерваторії.</li></ul><br><i>Цей клас не включає:</i><br><ul><li>гуртожитки для студентів та учнів (11.30);</li><li>бібліотеки (12.62);</li><li>лікарні навчальних закладів (12.64).</li></ul>",Державний класифікатор будівель та споруд (ДК 018:2000),ДК 018:2000
59,1263.1,Будівлі науково-дослідних та проектно-вишукувальних установ.,Державний класифікатор будівель та споруд (ДК 018:2000),ДК 018:2000
60,12,Будівлі нежитлові.,Державний класифікатор будівель та споруд (ДК 018:2000),ДК 018:2000
61,127,Будівлі нежитлові інші.,Державний класифікатор будівель та споруд (ДК 018:2000),ДК 018:2000
62,1220.1,Будівлі органів державного та місцевого управління.,Державний класифікатор будівель та споруд (ДК 018:2000),ДК 018:2000
63,1220.3,Будівлі органів правосуддя.,Державний класифікатор будівель та споруд (ДК 018:2000),ДК 018:2000
64,1263.9,Будівлі освітніх та науково-дослідних закладів інші.,Державний класифікатор будівель та споруд (ДК 018:2000),ДК 018:2000
65,122,Будівлі офісні.,Державний класифікатор будівель та споруд (ДК 018:2000),ДК 018:2000
66,1220,"Будівлі офісні.<br><i>Цей клас включає:</i><ul><li>будівлі, що використовуються як приміщення для конторських та адміністративних цілей, в тому числі для промислових підприємств, банків, поштових відділень, органів місцевого управління, урядових та відомчих департаментів та т. ін.</li></ul><br><i>Цей клас включає також:</i><br><ul><li>центри для з'їздів та конференцій, будівлі органів правосуддя, парламентські будівлі.</li></ul><br><i>Цей клас не включає:</i><br><ul><li>офіси в будівлях, що призначені (використовуються), головним чином, для інших цілей</li></ul>",Державний класифікатор будівель та споруд (ДК 018:2000),ДК 018:2000
67,1251.8,"Будівлі підприємств будівельної індустрії, будівельних матеріалів та виробів, скляної та фарфоро-фаянсової промисловості.",Державний класифікатор будівель та споруд (ДК 018:2000),ДК 018:2000
68,1251.4,Будівлі підприємств легкої промисловості.,Державний класифікатор будівель та споруд (ДК 018:2000),ДК 018:2000
69,1271.8,Будівлі підприємств лісівництва та звірівництва.,Державний класифікатор будівель та споруд (ДК 018:2000),ДК 018:2000
70,1251.7,"Будівлі підприємств лісової, деревообробної та целюлозно-паперової промисловості.",Державний класифікатор будівель та споруд (ДК 018:2000),ДК 018:2000
71,1251.1,Будівлі підприємств машинобудування та металообробної промисловості.,Державний класифікатор будівель та споруд (ДК 018:2000),ДК 018:2000
72,1251.6,Будівлі підприємств медичної та мікробіологічної промисловості.,Державний класифікатор будівель та споруд (ДК 018:2000),ДК 018:2000
73,1230.6,Будівлі підприємств побутового обслуговування.,Державний класифікатор будівель та споруд (ДК 018:2000),ДК 018:2000
74,1251.5,Будівлі підприємств харчової промисловості.,Державний класифікатор будівель та споруд (ДК 018:2000),ДК 018:2000
75,1251.3,Будівлі підприємств хімічної та нафтохімічної промисловості.,Державний класифікатор будівель та споруд (ДК 018:2000),ДК 018:2000
76,1251.2,Будівлі підприємств чорної металургії.,Державний класифікатор будівель та споруд (ДК 018:2000),ДК 018:2000
77,125,Будівлі промислові та склади.,Державний класифікатор будівель та споруд (ДК 018:2000),ДК 018:2000
78,1251,"Будівлі промислові.<br><i>Цей клас включає:</i><br><ul><li>криті будівлі промислового призначення, наприклад, фабрики, майстерні, бойні, пивоварні заводі, складальні підприємства та т. ін. за їх функціонильним призначенням.</li></ul><br><i>Цей клас не включає:</i><br><ul><li>резервуари, силоси та склади (12.52);</li><li>будівлі сільськогосподарського призначення (12.71);</li><li>комплексні промислові споруди (електростанції, нафтопереробні заводи та т. ін.), які не мають характеристик будівель (23.0).</li></ul>",Державний класифікатор будівель та споруд (ДК 018:2000),ДК 018:2000
79,1263.4,Будівлі професійно-технічних навчальних закладів.,Державний класифікатор будівель та споруд (ДК 018:2000),ДК 018:2000
80,1271.7,Будівлі рибного господарства.,Державний класифікатор будівель та споруд (ДК 018:2000),ДК 018:2000
81,1271.4,Будівлі силосні та сінажні.,Державний класифікатор будівель та споруд (ДК 018:2000),ДК 018:2000
82,1271.9,Будівлі сільськогосподарського призначення інші.,Державний класифікатор будівель та споруд (ДК 018:2000),ДК 018:2000
83,1271,"Будівлі сільськогосподарського призначення, лісівництва та рибного господарства.<br><i>Цей клас включає:</i><br><ul><li>будівлі для використання в сільськогосподарській діяльності, наприклад, корівники, стайні, свинарники, кошари, кінні заводи, собачі розплідники, птахофабрики, зерносховища, склади та надвірні будівлі, підвали, винокурні, винні ємності, теплиці, сільськогосподарські силоси та т. ін.</li></ul><br><i>Цей клас не включає:</i><br><ul><li>споруди зоологічних та ботанічних садів (24.12).</li></ul>",Державний класифікатор будівель та споруд (ДК 018:2000),ДК 018:2000
84,1263.6,Будівлі спеціальних навчальних закладів для дітей з фізичними або розумовими вадами.,Державний класифікатор будівель та споруд (ДК 018:2000),ДК 018:2000
85,1241.6,Будівлі станцій підвісних та канатних доріг.,Державний класифікатор будівель та споруд (ДК 018:2000),ДК 018:2000
86,1271.6,Будівлі тепличного господарства.,Державний класифікатор будівель та споруд (ДК 018:2000),ДК 018:2000
87,123,Будівлі торговельні.,Державний класифікатор будівель та споруд (ДК 018:2000),ДК 018:2000
88,1230.9,Будівлі торговельні інші.,Державний класифікатор будівель та споруд (ДК 018:2000),ДК 018:2000
89,1230,"Будівлі торговельні.<br><i>Цей клас включає:</i><br><ul><li>торгові центри, пасажі, універмаги, спеціалізовані магазини та павільйони, зали для ярмарків, аукціонів, виставок, криті ринки, станції технічного обслуговування автомобіві та т. ін.</li></ul><br><i>Цей клас включає також:</i><br><ul><li>підприємства та установи громадського харчування (їдальні, кафе, закусочні та т. ін.);</li><li>приміщення складські та бази підприємств торгівлі й громадського хаврчування;</li><li>підприємтсва побутового обслуговування.</li></ul><br><i>Цей клас не включає:</i><br><ul><li>невеликі магазини в будівлях, що призначені (використовуються), головним чином, для інших цілей;</li><li>ресторани та бари, розміщені в готелях або окремо (12.11);</li><li>лазні та пральні (12.74).</li></ul>",Державний класифікатор будівель та споруд (ДК 018:2000),ДК 018:2000
90,124,Будівлі транспорту та засобів зв'язку.,Державний класифікатор будівель та споруд (ДК 018:2000),ДК 018:2000
91,1241.9,Будівлі транспорту та засобів зв'язку інші.,Державний класифікатор будівель та споруд (ДК 018:2000),ДК 018:2000
92,1220.2,Будівлі фінансового обслуговування.,Державний класифікатор будівель та споруд (ДК 018:2000),ДК 018:2000
93,1241.7,"Будівлі центрів радіо- та телевізійного мовлення, телефонних станцій, телекомунікаційних центрів та т. ін.",Державний класифікатор будівель та споруд (ДК 018:2000),ДК 018:2000
94,1263.3,Будівлі шкіл та інших середніх навчальних закладів.,Державний класифікатор будівель та споруд (ДК 018:2000),ДК 018:2000
95,2420.7,Відвали гірничих розробок.,Державний класифікатор будівель та споруд (ДК 018:2000),ДК 018:2000
96,2420.1,Військові випробувальні центри.,Державний класифікатор будівель та споруд (ДК 018:2000),ДК 018:2000
97,2420.3,Військові інженерні фортифікаційні споруди.,Державний класифікатор будівель та споруд (ДК 018:2000),ДК 018:2000
98,2420.2,Військові полігони та стрільбища.,Державний класифікатор будівель та споруд (ДК 018:2000),ДК 018:2000
99,2212.1,Водоводи магістральні та відводи від них.,Державний класифікатор будівель та споруд (ДК 018:2000),ДК 018:2000
100,2152.4,Водозахисні споруди атомних електростанцій.,Державний класифікатор будівель та споруд (ДК 018:2000),ДК 018:2000
101,2152.3,Водозахисні споруди теплових електростанцій.,Державний класифікатор будівель та споруд (ДК 018:2000),ДК 018:2000
102,2222.5,"Водонапірні башти, фонтани.",Державний класифікатор будівель та споруд (ДК 018:2000),ДК 018:2000
103,2222.4,"Водяні свердловини, колодязі, бювети.",Державний класифікатор будівель та споруд (ДК 018:2000),ДК 018:2000
104,1241,"Вокзали, аеровокзали, будівлі засобів зв'язку та пов'язані з ними будівлі.<br><i>Цей клас включає:</i><br><ul><li>будівлі цивільних та військових аеропортів, міського електротранспорту, залізничних станцій, автобусних станцій, морських та річкових вокзалів, фунікулерних та підіймальних станцій канатних доріг;</li><li>будівлі центрів радіо- та телевізійного мовлення, телефонних станцій, телекомунікаційних центрів та т. ін.</li></ul><br><i>Цей клас включає також:</i><br><ul><li>ангари для літаків, будівлі залізничних блокпостів, локомотивні та вагонні депо, трамвайні та тролейбусні депо;</li><li>телефонні кіоски;</li><li>будівлі маяків;</li><li>диспетчерські будівлі повітряного транспорту.</li></ul><br><i>Цей клас не включає:</i><br><ul><li>станції технічного обслуговування автомобілів (12.30);</li><li>резервуари, силоси та товарні склади (12.52);</li><li>залізничні колії (21.21, 21.22);</li><li>злітно-посадкові смуги аеродромів (21.30);</li><li>телекомунікаційні лінії та щогли (22.13, 22.24);</li><li>нафтотермінали (23.03).</li></ul>",Державний класифікатор будівель та споруд (ДК 018:2000),ДК 018:2000
105,1241.2,Вокзали та інші будівлі залізничного транспорту.,Державний класифікатор будівель та споруд (ДК 018:2000),ДК 018:2000
106,2112,"Вулиці та дороги. <br><i>Цей клас включає:</i><br><ul><li>міські та сільські вулиці, позаміські дороги та будь-які шляхи (включаючи відкриті транспортні розв'язки, стоянки, перехрестя, об'їзні та окружні дороги), наприклад, проспекти, алеї, провулки, обхідні дороги, під'їзні дороги, польові дороги, доріжки для верхової та велосипедної їзди, майдани, тротуари та пішохідні зони.</li></ul><br><i>Цей клас включає також:</i><br><ul><li>пристрої для освітлення, сигналізації, забезпечення безпеки та стоянок.</li></ul>",Державний класифікатор будівель та споруд (ДК 018:2000),ДК 018:2000
107,2112.1,Вулиці та дороги міст і населених пунктів.,Державний класифікатор будівель та споруд (ДК 018:2000),ДК 018:2000
108,2211.2,Газопроводи магістральні.,Державний класифікатор будівель та споруд (ДК 018:2000),ДК 018:2000
109,1242.1,Гаражі наземні.,Державний класифікатор будівель та споруд (ДК 018:2000),ДК 018:2000
110,1242.2,Гаражі підземні.,Державний класифікатор будівель та споруд (ДК 018:2000),ДК 018:2000
111,1242,"Гаражі.<br><i>Цей клас включає:</i><br><ul><li>гаражі (наземні й підземні) та криті автомобільні стоянки.</li></ul><br><i>Цей клас включає також:</i><br><ul><li>навіси для велосипедів.</li></ul><br><i>Цей клас не включає:</i><br><ul><li>автостоянки в будівлях, що використовуються, головним чином, для інших цілей;</li><li>станції технічного обслуговування автомобілів (12.30).</li></ul>",Державний класифікатор будівель та споруд (ДК 018:2000),ДК 018:2000
112,1211.1,Готелі.,Державний класифікатор будівель та споруд (ДК 018:2000),ДК 018:2000
113,121,"Готелі, ресторани та подібні будівлі.",Державний класифікатор будівель та споруд (ДК 018:2000),ДК 018:2000
114,2412.5,Громадські сади та парки для розваг і відпочинку.,Державний класифікатор будівель та споруд (ДК 018:2000),ДК 018:2000
115,113,Гуртожитки.,Державний класифікатор будівель та споруд (ДК 018:2000),ДК 018:2000
116,1130.1,Гуртожитки для робітників та службовців.,Державний класифікатор будівель та споруд (ДК 018:2000),ДК 018:2000
117,1130.2,Гуртожитки для студентів вищих навчальних закладів.,Державний класифікатор будівель та споруд (ДК 018:2000),ДК 018:2000
118,1130.3,Гуртожитки для учнів навчальних закладів.,Державний класифікатор будівель та споруд (ДК 018:2000),ДК 018:2000
119,1130,"Гуртожитки.<br><i>Цей клас включає:</i><br><ul><li>житлові будинки для колективного проживання, включаючи будинки для людей похилого віку та інвалідів, студентів, дітей та інших соціальних груп, наприклад, будинки для біженців, гуртожитки для робітників та службовців, гуртожитки для студентів та учнів навчальних закладів, сирітські будинки, притулки для бездомних та т. ін.</li></ul><br><i>Цей клас не включає:</i><ul><li>лікарні, клініки (12.64);</li><li>в'язниці, казарми (12.74)</li></ul>",Державний класифікатор будівель та споруд (ДК 018:2000),ДК 018:2000
120,2152.1,Дамби гідроенергетичні.,Державний класифікатор будівель та споруд (ДК 018:2000),ДК 018:2000
121,2152.2,Дамби для зрошення і регулювання водних потоків.,Державний класифікатор будівель та споруд (ДК 018:2000),ДК 018:2000
122,2152.5,"Дамби, загати та інші водозахисні насипні споруди.",Державний класифікатор будівель та споруд (ДК 018:2000),ДК 018:2000
123,2152,"Дамби.<br><i>Цей клас включає:</i><br><ul><li>дамби та подібні водозахисні споруди таких галузей, як гідроенергетика, зрошення, регулювання водних потоків, захист від паводків.</li></ul><br><i>Цей клас включає також:</i><br><ul><li>захисні дамби, загати, захисні насипні споруди.</li></ul><br><i>Цей клас не включає:</i><br><ul><li>шлюзи (21.51);</li><li>гідроелектростанції (23.02).</li></ul>",Державний класифікатор будівель та споруд (ДК 018:2000),ДК 018:2000
124,1212.2,Дитячі та сімейні табори відпочинку.,Державний класифікатор будівель та споруд (ДК 018:2000),ДК 018:2000
125,2112.4,Доріжки для велосипедної та верхової їзди.,Державний класифікатор будівель та споруд (ДК 018:2000),ДК 018:2000
126,2111.1,Дороги автомобільні магістральні.,Державний класифікатор будівель та споруд (ДК 018:2000),ДК 018:2000
127,2112.3,Дороги для технологічного автотранспорту промислових підприємств.,Державний класифікатор будівель та споруд (ДК 018:2000),ДК 018:2000
128,2302.3,Електростанції атомні.,Державний класифікатор будівель та споруд (ДК 018:2000),ДК 018:2000
129,2302.1,Електростанції гідравлічні та гідроакумуляційні.,Державний класифікатор будівель та споруд (ДК 018:2000),ДК 018:2000
130,2302.4,Електростанції на нетрадиційних джерелах енергії.,Державний класифікатор будівель та споруд (ДК 018:2000),ДК 018:2000
131,2302.2,Електростанції теплові.,Державний класифікатор будівель та споруд (ДК 018:2000),ДК 018:2000
132,1264.9,Заклади лікувально-профілактичні та оздоровчі інші.,Державний класифікатор будівель та споруд (ДК 018:2000),ДК 018:2000
133,1265.1,"Зали гімнастичні, баскетбольні, волейбольні, тенісні та т. ін.",Державний класифікатор будівель та споруд (ДК 018:2000),ДК 018:2000
134,1261.2,Зали засідань та багатоцільові зали для публічних виступів.,Державний класифікатор будівель та споруд (ДК 018:2000),ДК 018:2000
135,1265.9,Зали спортивні інші.,Державний класифікатор будівель та споруд (ДК 018:2000),ДК 018:2000
136,1265,"Зали спортивні.<br><i>Цей клас включає:</i><br><ul><li>будівлі, що використовуються в спортивних цілях (баскетбол та теніс у приміщеннях, плавальні басейни, гімнастичні зали, ковзанки або хокейні майданчики та т. ін.), що передбачаються переобладнання з улаштуванням трибун для глядачів, терас для видовищ та демонстраційних цілей та т. ін.</li></ul><br><i>Цей клас не включає:</i><br><ul><li>багатоцільові зали, що використовуються, головним чином, для публічних виступів (12.61);</li><li>спортивні майданчики для занять спортом на відкритому повітрі, наприклад, тенісні корти, відкриті плавальні басейни тощо (24.11).</li></ul>",Державний класифікатор будівель та споруд (ДК 018:2000),ДК 018:2000
137,212,Залізниці.,Державний класифікатор будівель та споруд (ДК 018:2000),ДК 018:2000
138,2121,"Залізниці магістральні.<br><i>Цей клас включає:</i><br><ul><li>залізничні колії магістральні, стрілки, залізничні переїзди, станційні та сортувальні колії.</li></ul><br><i>Цей клас включає також:</i><br><ul><li>пристрої для освітлення, сигналізації, забезпечення безпеки та електрифікації.</li></ul><br><i>Цей клас не включає:</i><br><ul><li>залізничні вокзали (12.41);</li><li>залізничін мости (21.41);</li><li>залізничні тунелі (21.42).</li></ul>",Державний класифікатор будівель та споруд (ДК 018:2000),ДК 018:2000
139,2122,"Залізниці місцеві.<br><i>Цей клас включає:</i><br><ul><li>залізничні колії метрополітенів (підземні, наземні, надземні);</li><li>залізниці підвісні та на естакадах, міські системи доріг для громадського рейкового транспорту, наприклад, трамвайні колії.</li></ul><br><i>Цей клас включає також:</i><br><ul><li>пристрої для освітлення, сигналізації, забезпечення безпеки та електрифікації.</li></ul>",Державний класифікатор будівель та споруд (ДК 018:2000),ДК 018:2000
140,2122.3,Залізниці підвісні та на естакадах.,Державний класифікатор будівель та споруд (ДК 018:2000),ДК 018:2000
141,2121.1,Залізничні колії магістральні.,Державний класифікатор будівель та споруд (ДК 018:2000),ДК 018:2000
142,2122.1,Залізничні колії метрополітенів.,Державний класифікатор будівель та споруд (ДК 018:2000),ДК 018:2000
143,2122.4,Залізничні колії промислових підприємств.,Державний класифікатор будівель та споруд (ДК 018:2000),ДК 018:2000
144,2141.2,Залізничні мости та естакади надземні.,Державний класифікатор будівель та споруд (ДК 018:2000),ДК 018:2000
145,213,Злітно-посадкові смуги.,Державний класифікатор будівель та споруд (ДК 018:2000),ДК 018:2000
146,2130.1,Злітно-посадкові смуги для злету та посадки.,Державний класифікатор будівель та споруд (ДК 018:2000),ДК 018:2000
147,2130.2,Злітно-посадкові смуги для маневрування та стоянки літаків та інших літальних апаратів.,Державний класифікатор будівель та споруд (ДК 018:2000),ДК 018:2000
148,2130,"Злітно-посадкові смуги.<br><i>Цей клас включає:</i><br><ul><li>злітно-посадкові смуги для злету, посадки або маневрування та стоянки літальних апаратів.</li></ul><br><i>Цей клас включає також:</i><br><ul><li>пристрої для освітлення, сигналізації, забезпечення безпеки та електрифікації.</li></ul><br><i>Цей клас не включає:</i><br><ul><li>будівлі аеродромів (12.41).</li></ul>",Державний класифікатор будівель та споруд (ДК 018:2000),ДК 018:2000
150,1212.9,"Інші будівлі для тимчасового проживання, не класифіковані раніше.",Державний класифікатор будівель та споруд (ДК 018:2000),ДК 018:2000
151,1212,"Інші будівлі для тимчасового проживання.<br><i>Цей клас включає:</i><br><ul><li>туристичні бази, гірські притулки, дитячі та сімейні табори відпочинку, будинки відпочинку та інші будівлі для тимчасового проживання, не класифіковані раніше.</li></ul><br><i>Цей клас не включає:</i><br><ul><li>готелі та подібні заклади з надання житла (12.11);</li><li>парки для дозвілля та розваг (24.12).</li></ul>",Державний класифікатор будівель та споруд (ДК 018:2000),ДК 018:2000
152,24,Інші інженерні споруди.,Державний класифікатор будівель та споруд (ДК 018:2000),ДК 018:2000
153,242,"Інші інженерні споруди, не класифіковані раніше.",Державний класифікатор будівель та споруд (ДК 018:2000),ДК 018:2000
154,2420,"Інші інженерні споруди, не класифіковані раніше.<br><i>Цей клас включає:</i><br><ul><li>військові інженерні споруди, наприклад, форти, блокгаузи, бункери, стрільбища, військові випробувальні центри тощо;</li><li>інженерні споруди, не класифіковані раніше, включаючи ділянки для запуску супутників.</li></ul><br><i>Цей клас включає також:</i><br><ul><li>відвали гірничних розробок;</li><li>полігони складування побутових відходів.</li></ul><br><i>Цей клас не включає:</i><br><ul><li>будівлі аеропортів (12.41);</li><li>казарми (12.74);</li><li>військові порти (21.51).</li></ul>",Державний класифікатор будівель та споруд (ДК 018:2000),ДК 018:2000
155,2412,"Інші споруди спортивного та розважального призначення.<br><i>Цей клас включає:</i><br><ul><li>парки відпочинку і розваг та інші споруди під відкритим небом, включаючи установки для сходження (лижні тропи тощо), майданчики для гри в гольф, льотні поля, кінні центри, причальні пристрої для яхтсменів, споруди, що використовуються головним чином для мореплавного спорту та пляжів.</li></ul><br><i>Цей клас включає також:</i><br><ul><li>громадські сади і парки, зоологічні та ботанічні сади.</li></ul><br><i>Цей клас не включає:</i><br><ul><li>гірські притулки (12.12);</li><li>станції підвісних та канатних доріг (12.41);</li><li>будівлі, що використовуються для публічних виступів (12.61);</li><li>будівлі зоологічних та ботанічних садів (12.62);</li><li>зали спортивні (12.65).</li></ul>",Державний класифікатор будівель та споруд (ДК 018:2000),ДК 018:2000
156,1230.4,"Їдальні, кафе, закусочні та т. ін.",Державний класифікатор будівель та споруд (ДК 018:2000),ДК 018:2000
157,1274.1,Казарми збройних сил.,Державний класифікатор будівель та споруд (ДК 018:2000),ДК 018:2000
158,1261.4,"Казино, ігорні будинки.",Державний класифікатор будівель та споруд (ДК 018:2000),ДК 018:2000
159,2153.2,Канали магістральні зрошувальних систем.,Державний класифікатор будівель та споруд (ДК 018:2000),ДК 018:2000
160,2151.3,Канали судноплавні.,Державний класифікатор будівель та споруд (ДК 018:2000),ДК 018:2000
161,1211.3,Кемпінги.,Державний класифікатор будівель та споруд (ДК 018:2000),ДК 018:2000
162,2223.2,Колектори каналізаційні.,Державний класифікатор будівель та споруд (ДК 018:2000),ДК 018:2000
163,23,Комплексні промислові споруди.,Державний класифікатор будівель та споруд (ДК 018:2000),ДК 018:2000
164,230,"Комплексні промислові споруди.<br><i>Ця група включає:</i><br><ul><li>комплексні промислові споруди (електростанції, збагачувальні фабрики тощо), що не мають характерних ознак будинків.</li></ul>",Державний класифікатор будівель та споруд (ДК 018:2000),ДК 018:2000
165,2211.3,Конденсатопроводи та продуктопроводи магістральні.,Державний класифікатор будівель та споруд (ДК 018:2000),ДК 018:2000
166,2420.4,Космодроми та дільниці для запуску супутників.,Державний класифікатор будівель та споруд (ДК 018:2000),ДК 018:2000
167,1121.2,Котеджі та будинки двоквартирні підвищеної комфортності.,Державний класифікатор будівель та споруд (ДК 018:2000),ДК 018:2000
168,1110.2,Котеджі та будинки одноквартирні підвищеної комфортності.,Державний класифікатор будівель та споруд (ДК 018:2000),ДК 018:2000
169,1230.2,"Криті ринки, павільйони та зали для ярмарків.",Державний класифікатор будівель та споруд (ДК 018:2000),ДК 018:2000
170,1264.1,"Лікарні багатопрофільні територіального обслуговування, навчальних закладів.",Державний класифікатор будівель та споруд (ДК 018:2000),ДК 018:2000
171,1264.2,"Лікарні профільні, диспансери.",Державний класифікатор будівель та споруд (ДК 018:2000),ДК 018:2000
172,2214.3,Лінії електричні розподільні середньої напруги.,Державний класифікатор будівель та споруд (ДК 018:2000),ДК 018:2000
173,2213.1,Лінії та вузли магістрального телефонного зв'язку.,Державний класифікатор будівель та споруд (ДК 018:2000),ДК 018:2000
174,2412.3,Льотні поля та поля для парашутного спорту.,Державний класифікатор будівель та споруд (ДК 018:2000),ДК 018:2000
175,2212,"Магістральні водопроводи.<br><i>Цей клас включає:</i><br><ul><li>магістральні надземні, підземні або підводні трубопроводи для транспортування води.</li></ul><br><i>Цей клас включає також:</i><br><ul><li>насосні, фільтраційні станції та станції по відведенню води.</li></ul><br><i>Цей клас не включає:</i><br><ul><li>зрошувальні канали та акведуки (21.53);</li><li>місцеві трубопроводи для води (22.22).</li></ul>",Державний класифікатор будівель та споруд (ДК 018:2000),ДК 018:2000
176,2214.1,Магістральні лінії електропередачі кабельні - КЛЕП високої напруги.,Державний класифікатор будівель та споруд (ДК 018:2000),ДК 018:2000
177,2214.2,Магістральні лінії електропередачі повітряні - ЛЕП високої напруги.,Державний класифікатор будівель та споруд (ДК 018:2000),ДК 018:2000
178,2214,"Магістральні лінії електропередачі.<br><i>Цей клас включає:</i><br><ul><li>магістральні електричні лінії (повітряні або підземні) високої напруги або електричні розподільні лінії середньої напруги.</li></ul><br><i>Цей клас включає також:</i><br><ul><li>трансформаторні станції та підстанції, опори.</li></ul><br><i>Цей клас не включає:</i><br><ul><li>системи освітлення доріг (21.11, 21.12);</li><li>місцеві електричні розподільні лінії та допоміжні пристрої (22.24).</li></ul>",Державний класифікатор будівель та споруд (ДК 018:2000),ДК 018:2000
179,2211,"Магістральні нафтопроводи та газопроводи.<br><i>Цей клас включає:</i><br><ul><li>магістральні надземні, підземні або підводні трубопроводи для транспортування нафтопродуктів та газу.</li></ul><br><i>Цей клас включає також:</i><br><ul><li>насосні станції.</li></ul><br><i>Цей клас не включає:</i><br><ul><li>водопроводи (22.12, 22.22);</li><li>міські газові мережі (22.21);</li><li>споруди для завантаження та зберігання нафтопродуктів (23.03).</li></ul>",Державний класифікатор будівель та споруд (ДК 018:2000),ДК 018:2000
180,2213,"Магістральні телекомунікаційні лінії.<br><i>Цей клас включає:</i><br><ul><li>магістральні надземні, підземні або підводні телекомунікаційні лінії, релейні системи радіо і телебачення та кабельні мережі, релейні вишки та споруди для радіокомунікацій.</li></ul><br><i>Цей клас не включає:</i><br><ul><li>магістральні лінії електропередачі (22.14);</li><li>міські телекомунікаційні мережі (22.24).</li></ul>",Державний класифікатор будівель та споруд (ДК 018:2000),ДК 018:2000
181,221,"Магістральні трубопроводи, комунікації та лінії електропередачі.",Державний класифікатор будівель та споруд (ДК 018:2000),ДК 018:2000
182,2112.5,"Майдани, тротуари та пішохідні зони.",Державний класифікатор будівель та споруд (ДК 018:2000),ДК 018:2000
183,2412.7,Майданчики для гри в гольф.,Державний класифікатор будівель та споруд (ДК 018:2000),ДК 018:2000
184,1265.4,Манежі легкоатлетичні.,Державний класифікатор будівель та споруд (ДК 018:2000),ДК 018:2000
185,1264.3,"Материнські та дитячі реабілітаційні центри, пологові будинки.",Державний класифікатор будівель та споруд (ДК 018:2000),ДК 018:2000
186,1273.3,"Меморіали, художньо-декоративні будівлі, статуї.",Державний класифікатор будівель та споруд (ДК 018:2000),ДК 018:2000
187,2222.1,Місцеві водопровідні мережі.,Державний класифікатор будівель та споруд (ДК 018:2000),ДК 018:2000
188,2221,Місцеві газорозподільні системи.<br><i>Цей клас включає:</i><br><ul><li>місцеві надземні та підземні трубопроводи для транспортування газу.</li></ul>,Державний класифікатор будівель та споруд (ДК 018:2000),ДК 018:2000
189,2224,"Місцеві електро- та телекомунікаційні системи.<br><i>Цей клас включає:</i><br><ul><li>місцеві електромережі і телекомунікаційні лінії (повітряні або підземні) та допоміжні споруди (трансформаторні станції і підстанції, телеграфні стовпи та т. ін.).</li></ul><br><i>Цей клас включає також:</i><br><ul><li>місцеві телевізійні кабельні мережі та колективні антени.</li></ul>",Державний класифікатор будівель та споруд (ДК 018:2000),ДК 018:2000
190,2224.1,Місцеві електросилові мережі.,Державний класифікатор будівель та споруд (ДК 018:2000),ДК 018:2000
191,2223,Місцеві каналізаційні системи.<br><i>Цей клас включає:</i><br><ul><li>водостічні мережі та каналізаційні колектори.</li></ul><br><i>Цей клас включає також:</i><br><ul><li>установки для перероблення стічних вод.</li></ul>,Державний класифікатор будівель та споруд (ДК 018:2000),ДК 018:2000
192,2223.1,Місцеві каналізаційні та водостічні мережі.,Державний класифікатор будівель та споруд (ДК 018:2000),ДК 018:2000
193,2222.3,Місцеві мережі для транспортування пари та стисненого повітря.,Державний класифікатор будівель та споруд (ДК 018:2000),ДК 018:2000
194,2224.5,Місцеві телевізійні кабельні мережі.,Державний класифікатор будівель та споруд (ДК 018:2000),ДК 018:2000
195,2224.4,Місцеві телекомунікаційні лінії.,Державний класифікатор будівель та споруд (ДК 018:2000),ДК 018:2000
196,2222.2,Місцеві теплові мережі.,Державний класифікатор будівель та споруд (ДК 018:2000),ДК 018:2000
197,2222,"Місцеві трубопровідні системи для води та інших продуктів.<br><i>Цей клас включає:</i><br><ul><li>місцеві трубопроводи для транспортування води, пари або стисненого повітря.</li></ul><br><i>Цей клас включає також:</i><br><ul><li>водонапірні башти, колодязі, фонтани.</li></ul><br><i>Цей клас не включає:</i><br><ul><li>зрошувальні установки (21.53);</li><li>водоочисні установки (22.23).</li></ul>",Державний класифікатор будівель та споруд (ДК 018:2000),ДК 018:2000
198,2221.1,Місцеві трубопроводи для транспортування газу.,Державний класифікатор будівель та споруд (ДК 018:2000),ДК 018:2000
199,222,Місцеві трубопроводи та комунікації.,Державний класифікатор будівель та споруд (ДК 018:2000),ДК 018:2000
200,1241.5,"Морські та річкові вокзали, маяки та пов'язані з ними будівлі.",Державний класифікатор будівель та споруд (ДК 018:2000),ДК 018:2000
201,214,"Мости, естакади, тунелі та метро.",Державний класифікатор будівель та споруд (ДК 018:2000),ДК 018:2000
202,2141.3,Мости комбіновані.,Державний класифікатор будівель та споруд (ДК 018:2000),ДК 018:2000
203,2141.5,"Мости пересувні, наплавні та пороми.",Державний класифікатор будівель та споруд (ДК 018:2000),ДК 018:2000
204,2141.6,Мости пішохідні.,Державний класифікатор будівель та споруд (ДК 018:2000),ДК 018:2000
205,2141.4,Мости польових доріг.,Державний класифікатор будівель та споруд (ДК 018:2000),ДК 018:2000
206,2141.9,Мости та естакади інші.,Державний класифікатор будівель та споруд (ДК 018:2000),ДК 018:2000
207,2141,"Мости та естакади.<br><i>Цей клас включає:</i><br><ul><li>автодорожні та залізничні мости з металу, залізобетону або інших матеріалів, включаючи конструкції естакад.</li></ul><br><i>Цей клас включає також:</i><br><ul><li>пересувні мости, віадуки, мости польових доріг, пішохідні мости;</li><li>пристрої для освітлення, сигналізації, забезпечення безпеки та електрифікації.</li></ul>",Державний класифікатор будівель та споруд (ДК 018:2000),ДК 018:2000
208,1211.2,Мотелі.,Державний класифікатор будівель та споруд (ДК 018:2000),ДК 018:2000
209,1262,"Музеї та бібліотеки.<br><i>Цей клас включає:</i><br><ul><li>музеї, художні галереї, бібліотеки та технічні центри.</li></ul><br><i>Цей клас включає також:</i><br><ul><li>будівлі архівів;</li><li>будівлі зоологічних та ботанічних садів.</li></ul><br><i>Цей клас не включає:</i><br><ul><li>пам'ятки історії (12.73).</li></ul>",Державний класифікатор будівель та споруд (ДК 018:2000),ДК 018:2000
210,1262.1,Музеї та художні галереї.,Державний класифікатор будівель та споруд (ДК 018:2000),ДК 018:2000
211,1261.5,"Музичні та танцювальні зали, дискотеки.",Державний класифікатор будівель та споруд (ДК 018:2000),ДК 018:2000
212,1242.4,Навіси для велосипедів.,Державний класифікатор будівель та споруд (ДК 018:2000),ДК 018:2000
213,2211.4,Насосні станції на магістральних нафто- та газопроводах.,Державний класифікатор будівель та споруд (ДК 018:2000),ДК 018:2000
214,2211.1,Нафтопроводи магістральні.,Державний класифікатор будівель та споруд (ДК 018:2000),ДК 018:2000
215,1273,"Пам'ятки історичні та такі, що охороняються державою.<br><i>Цей клас включає:</i><br><ul><li>будівлі історичні та такі, що охороняються державою і не виокристовуються для інших цілей.</li></ul><br><i>Цей клас включає також:</i><br><ul><li>старовинні руїни, що охороняються державою, археологогічні розкопки;</li><li>будівлі меморіального, художнього і декоративного призначення, статуї.</li></ul><br><i>Цей клас не включає:</i><br><ul><li>музеї (12.62).</li></ul>",Державний класифікатор будівель та споруд (ДК 018:2000),ДК 018:2000
216,1273.1,Пам'ятки історії та архітектури.,Державний класифікатор будівель та споруд (ДК 018:2000),ДК 018:2000
217,1211.4,Пансіонати.,Державний класифікатор будівель та споруд (ДК 018:2000),ДК 018:2000
218,2142.6,Переходи підземні.,Державний класифікатор будівель та споруд (ДК 018:2000),ДК 018:2000
219,2121.2,"Під'їзні, станційні та сортувальні колії.",Державний класифікатор будівель та споруд (ДК 018:2000),ДК 018:2000
220,1262.4,Планетарії.,Державний класифікатор будівель та споруд (ДК 018:2000),ДК 018:2000
221,2112.2,"Позаміські, об'їзні та окружні дороги.",Державний класифікатор будівель та споруд (ДК 018:2000),ДК 018:2000
222,2420.5,Полігони складування побутових відходів.,Державний класифікатор будівель та споруд (ДК 018:2000),ДК 018:2000
223,1264.4,"Поліклініки, пункти медичного обслуговування та консультації.",Державний класифікатор будівель та споруд (ДК 018:2000),ДК 018:2000
224,2112.6,Польові дороги.,Державний класифікатор будівель та споруд (ДК 018:2000),ДК 018:2000
225,2151.6,Порти військові.,Державний класифікатор будівель та споруд (ДК 018:2000),ДК 018:2000
226,215,"Порти, канали, греблі та інші водні споруди.",Державний класифікатор будівель та споруд (ДК 018:2000),ДК 018:2000
227,2151,"Порти та судноплавні канали.<br><i>Цей клас включає:</i><br><ul><li>морські та річкові портові споруди (причали, доки, пристані, моли тощо);</li><li>судноплавні канали;</li><li>споруди на ріках та каналах (шлюзи, мости-канали, тунелі-канали, обладнання берегів);</li></ul><br><i>Цей клас включає також:</i><br><ul><li>військові порти;</li><li>водні споруди суднобудівної промисловості (стапелі, камери, басейни та т. ін.).</li></ul><br><i>Цей клас не включає:</i><br><ul><li>будівлі маяків (12.41);</li><li>дамби та подібні споруди для утримання води (21.52);</li><li>берегові та прибережні нафтові термінали (23.03).</li></ul>",Державний класифікатор будівель та споруд (ДК 018:2000),ДК 018:2000
228,2151.1,Портові споруди морські.,Державний класифікатор будівель та споруд (ДК 018:2000),ДК 018:2000
229,2151.2,Портові споруди річкові.,Державний класифікатор будівель та споруд (ДК 018:2000),ДК 018:2000
230,2151.9,Портові та судноплавні споруди інші.,Державний класифікатор будівель та споруд (ДК 018:2000),ДК 018:2000
231,1272.2,Похоронні бюро та ритуальні зали.,Державний класифікатор будівель та споруд (ДК 018:2000),ДК 018:2000
232,2121.3,"Пристрої для освітлення, сигналізації, забезпечення безпеки та електрифікації.",Державний класифікатор будівель та споруд (ДК 018:2000),ДК 018:2000
233,2122.5,"Пристрої для освітлення, сигналізації, забезпечення безпеки та електрифікації.",Державний класифікатор будівель та споруд (ДК 018:2000),ДК 018:2000
234,2130.3,"Пристрої для освітлення, сигналізації, забезпечення безпеки та електрифікації злітно-посадкових та стоянкових смуг.",Державний класифікатор будівель та споруд (ДК 018:2000),ДК 018:2000
235,2141.7,"Пристрої для освітлення, сигналізації, забезпечення безпеки та електрифікації мостів та естакад.",Державний класифікатор будівель та споруд (ДК 018:2000),ДК 018:2000
236,2142.7,"Пристрої для освітлення, сигналізації, забезпечення безпеки та електрифікації тунелів та метро.",Державний класифікатор будівель та споруд (ДК 018:2000),ДК 018:2000
237,2111.2,"Пристрої для освітлення, сигналізації, забезпечення безпеки та стоянок на автострадах.",Державний класифікатор будівель та споруд (ДК 018:2000),ДК 018:2000
238,2112.8,"Пристрої для освітлення, сигналізації, забезпечення безпеки та стоянок на вулицях та дорогах.",Державний класифікатор будівель та споруд (ДК 018:2000),ДК 018:2000
239,1252.1,"Резервуари для нафти, нафтопродуктів та газу.",Державний класифікатор будівель та споруд (ДК 018:2000),ДК 018:2000
240,1252,"Резервуари, силоси та склади.<br><i>Цей клас включає:</i><br><ul><li>резервуари та ємності;</li><li>резервуари для нафти та газу;</li><li>силоси для зерна, цементу та інших сипких мас;</li><li>холодильники та спеціальні склади.</li></ul><br><i>Цей клас включає також:</i><br><ul><li>складські майданчики.</li></ul><br><i>Цей клас не включає:</i><br><ul><li>сільськогосподарські силоси та складські будівлі, що використовуються для сільського господарства (12.71);</li><li>водонапірні башти (22.22);</li><li>нафтотермінали (23.03).</li></ul>",Державний класифікатор будівель та споруд (ДК 018:2000),ДК 018:2000
241,1252.2,Резервуари та ємності інші.,Державний класифікатор будівель та споруд (ДК 018:2000),ДК 018:2000
242,2213.2,Релейні системи телебачення та магістральні кабельні мережі.,Державний класифікатор будівель та споруд (ДК 018:2000),ДК 018:2000
243,1211.5,Ресторани та бари.,Державний класифікатор будівель та споруд (ДК 018:2000),ДК 018:2000
244,1264.6,"Санаторії, профілакторії та центри функціональної реабілітації.",Державний класифікатор будівель та споруд (ДК 018:2000),ДК 018:2000
245,1252.3,Силоси для зерна.,Державний класифікатор будівель та споруд (ДК 018:2000),ДК 018:2000
246,1252.4,Силоси для цементу та інших сипучих матеріалів.,Державний класифікатор будівель та споруд (ДК 018:2000),ДК 018:2000
247,1252.5,Склади спеціальні товарні.,Державний класифікатор будівель та споруд (ДК 018:2000),ДК 018:2000
248,1252.9,Склади та сховища інші.,Державний класифікатор будівель та споруд (ДК 018:2000),ДК 018:2000
249,1252.8,Склади універсальні.,Державний класифікатор будівель та споруд (ДК 018:2000),ДК 018:2000
250,1252.7,Складські майданчики.,Державний класифікатор будівель та споруд (ДК 018:2000),ДК 018:2000
251,2304.1,Споруди агломераційного та доменного виробництва.,Державний класифікатор будівель та споруд (ДК 018:2000),ДК 018:2000
252,2304.6,Споруди вогнетривкого виробництва.,Державний класифікатор будівель та споруд (ДК 018:2000),ДК 018:2000
253,2301.9,Споруди гірничопромислових та добувних підприємств інші.,Державний класифікатор будівель та споруд (ДК 018:2000),ДК 018:2000
254,2301,"Споруди гірничопромислових та добувних підприємств.<br><i>Цей клас включає:</i><br><ul><li>установки та споруди для шахт, видобування вуглеводневих покладів, розробки гірських порід, добування, перероблення та збагачення рудної сировини, гравійних кар'єрів та т. ін. (наприклад, завантажувальні та розвантажувальні станції, копри шахт та т. ін.);</li><li>гіпсові, цементні, цегельні, черепичні заводи та т. ін.</li></ul><br><i>Цей клас включає також:</i><br><ul><li>споруди підприємств лісозаготівельної промисловості.</li></ul><br><i>Цей клас не включає:</i><br><ul><li>офісні будівлі (12.20);</li><li>виробничі будівлі заводів, майстерень з дахом (12.51).</li></ul>",Державний класифікатор будівель та споруд (ДК 018:2000),ДК 018:2000
255,2411.3,Споруди для занять водним спортом.,Державний класифікатор будівель та споруд (ДК 018:2000),ДК 018:2000
256,2412.2,Споруди для зимових та гірських видів спорту та відпочинку.,Державний класифікатор будівель та споруд (ДК 018:2000),ДК 018:2000
257,2211.9,Споруди для магістрального трубопровідного транспорту інші.,Державний класифікатор будівель та споруд (ДК 018:2000),ДК 018:2000
258,2412.1,Споруди для мореплавних видів спорту та відпочинку.,Державний класифікатор будівель та споруд (ДК 018:2000),ДК 018:2000
259,2130.9,Споруди для обслуговування злітно-посадкових та стоянкових смуг інші.,Державний класифікатор будівель та споруд (ДК 018:2000),ДК 018:2000
260,2121.9,Споруди для обслуговування магістральних залізниць інші.,Державний класифікатор будівель та споруд (ДК 018:2000),ДК 018:2000
261,2221.2,Споруди допоміжні місцевих газорозподільних систем.,Державний класифікатор будівель та споруд (ДК 018:2000),ДК 018:2000
262,2211.5,Споруди зв'язку на магістральних нафто- та газопроводах.,Державний класифікатор будівель та споруд (ДК 018:2000),ДК 018:2000
263,2212.3,Споруди зв'язку та обслуговування на магістральних водопроводах.,Державний класифікатор будівель та споруд (ДК 018:2000),ДК 018:2000
264,2153.5,Споруди зливових мереж.,Державний класифікатор будівель та споруд (ДК 018:2000),ДК 018:2000
265,2412.6,Споруди зоологічних та ботанічних садів.,Державний класифікатор будівель та споруд (ДК 018:2000),ДК 018:2000
266,2153.9,Споруди зрошувального та осушувального господарства інші.,Державний класифікатор будівель та споруд (ДК 018:2000),ДК 018:2000
267,2412.4,Споруди кінних центрів.,Державний класифікатор будівель та споруд (ДК 018:2000),ДК 018:2000
268,2303.4,Споруди коксохімічних заводів.,Державний класифікатор будівель та споруд (ДК 018:2000),ДК 018:2000
269,2214.9,Споруди магістральних систем електрозабезпечення інші.,Державний класифікатор будівель та споруд (ДК 018:2000),ДК 018:2000
270,2224.9,Споруди місцевих електричних та телекомунікаційних мереж інші.,Державний класифікатор будівель та споруд (ДК 018:2000),ДК 018:2000
271,2222.9,Споруди місцевих трубопровідних систем інші.,Державний класифікатор будівель та споруд (ДК 018:2000),ДК 018:2000
272,2122.9,Споруди місцевого рейкового транспорту інші.,Державний класифікатор будівель та споруд (ДК 018:2000),ДК 018:2000
273,2303.3,Споруди нафтохімічних та нафтопереробних підприємств.,Державний класифікатор будівель та споруд (ДК 018:2000),ДК 018:2000
274,2153.4,Споруди осушувальних систем.,Державний класифікатор будівель та споруд (ДК 018:2000),ДК 018:2000
275,2301.7,"Споруди підприємств виробництва будівельних матеріалів (гіпсові, цементні, цегельні, черепичні заводи та т. ін.).",Державний класифікатор будівель та споруд (ДК 018:2000),ДК 018:2000
276,2302.9,Споруди підприємств електро- та теплоенергетики інші.,Державний класифікатор будівель та споруд (ДК 018:2000),ДК 018:2000
277,2302,"Споруди підприємств електроенергетики.<br><i>Цей клас включає:</i><br><ul><li>гідравлічні або теплові електростанції та установки для виробництва електроенергії, наприклад, електростанції, що працюють на вугіллі, атомні та вітрові електростанції.</li></ul><br><i>Цей клас включає також:</i><br><ul><li>підприємства зі збагачення та перероблення ядерних матеріалів;</li><li>печі для спалювання відходів.</li></ul><br><i>Цей клас не включає:</i><br><ul><li>дамби (21.52);</li><li>електролінії, включаючи трансорматорні станції та підстанції (22.14).</li></ul>",Державний класифікатор будівель та споруд (ДК 018:2000),ДК 018:2000
278,2303.5,Споруди підприємств з виробництва продуктів основного органічного синтезу та синтетичного каучуку.,Державний класифікатор будівель та споруд (ДК 018:2000),ДК 018:2000
279,2301.6,Споруди підприємств з добування рідкісних і дорогоцінних металів та алмазів.,Державний класифікатор будівель та споруд (ДК 018:2000),ДК 018:2000
280,2301.5,Споруди підприємств з добування та збагачення рудної сировини для виробництва кольорових металів.,Державний класифікатор будівель та споруд (ДК 018:2000),ДК 018:2000
281,2301.4,Споруди підприємств з добування та збагачення рудної сировини для виробництва чорних металів.,Державний класифікатор будівель та споруд (ДК 018:2000),ДК 018:2000
282,2302.5,Споруди підприємств зі збагачення та перероблення ядерних матеріалів.,Державний класифікатор будівель та споруд (ДК 018:2000),ДК 018:2000
283,2302.6,Споруди підприємств зі спалювання відходів.,Державний класифікатор будівель та споруд (ДК 018:2000),ДК 018:2000
284,2304.7,Споруди підприємств кольорової металургії.,Державний класифікатор будівель та споруд (ДК 018:2000),ДК 018:2000
285,2303.2,Споруди підприємств лакофарбової промисловості та побутової хімії.,Державний класифікатор будівель та споруд (ДК 018:2000),ДК 018:2000
286,2301.8,Споруди підприємств лісозаготівельної промисловості.,Державний класифікатор будівель та споруд (ДК 018:2000),ДК 018:2000
287,2304.9,Споруди підприємств металургійної промисловості інші.,Державний класифікатор будівель та споруд (ДК 018:2000),ДК 018:2000
288,2304,"Споруди підприємств металургійної промисловості, не класифіковані раніше.<br><i>Цей клас включає:</i><br><ul><li>установки, що утворюють підприємства металургійної промисловості, такі як доменні печі, прокатні стани, ливарні цехи та т. ін.</li></ul>",Державний класифікатор будівель та споруд (ДК 018:2000),ДК 018:2000
289,2301.1,Споруди підприємств нафтодобувної та газової промисловості.,Державний класифікатор будівель та споруд (ДК 018:2000),ДК 018:2000
290,2303.1,"Споруди підприємств содової, хлорної промисловості та з виробництва пластичних мас.",Державний класифікатор будівель та споруд (ДК 018:2000),ДК 018:2000
291,2301.3,Споруди підприємств торф'яної промисловості.,Державний класифікатор будівель та споруд (ДК 018:2000),ДК 018:2000
292,2303.9,Споруди підприємств хімічної промисловості інші.,Державний класифікатор будівель та споруд (ДК 018:2000),ДК 018:2000
293,2303,"Споруди підприємств хімічної промисловості.<br><i>Цей клас включає:</i><br><ul><li>установки, що утворюють хімічні, нафтохімічні або нафтопереробні підприємства.</li></ul><br><i>Цей клас включає також:</i><br><ul><li>портові термінали для нафтопродуктів;</li><li>коксохімічні заводи.</li></ul>",Державний класифікатор будівель та споруд (ДК 018:2000),ДК 018:2000
294,2420.6,Споруди по знешкодженню та захороненню шкідливих промислових відходів.,Державний класифікатор будівель та споруд (ДК 018:2000),ДК 018:2000
295,2304.3,Споруди прокатного виробництва.,Державний класифікатор будівель та споруд (ДК 018:2000),ДК 018:2000
296,2153.3,Споруди систем водозабезпечення землеробства.,Державний класифікатор будівель та споруд (ДК 018:2000),ДК 018:2000
297,241,Споруди спортивного та розважального призначення.,Державний класифікатор будівель та споруд (ДК 018:2000),ДК 018:2000
298,2304.2,Споруди сталеплавильного виробництва.,Державний класифікатор будівель та споруд (ДК 018:2000),ДК 018:2000
299,2151.5,Споруди суднобудівної промисловості.,Державний класифікатор будівель та споруд (ДК 018:2000),ДК 018:2000
300,2213.3,Споруди та системи радіозв'язку.,Державний класифікатор будівель та споруд (ДК 018:2000),ДК 018:2000
301,2213.9,Споруди телекомунікацій інші.,Державний класифікатор будівель та споруд (ДК 018:2000),ДК 018:2000
302,2304.4,Споруди трубного та метизного виробництва.,Державний класифікатор будівель та споруд (ДК 018:2000),ДК 018:2000
303,2304.5,Споруди феросплавного виробництва.,Державний класифікатор будівель та споруд (ДК 018:2000),ДК 018:2000
304,2411,"Стадіони, спортивні поля та майданчики.<br><i>Цей клас вклюає:</i><br><ul><li>спортивні майданчики, обладнані для занять спортом на відкритому повітрі, такими як футбол, бейсбол, регбі, водний спорт тощо; треки та поля для автомобільного, велосипедного та кінного спорту.</li></ul><br><i>Цей клас не включає:</i><br><ul><li>зали спортивні (12.65);</li><li>ігрові майданчики, парки відпочинку та розваг, майданчики для гри в гольф, причальні пристрої для яхтсменів (24.12).</li></ul>",Державний класифікатор будівель та споруд (ДК 018:2000),ДК 018:2000
305,2411.1,Стадіони та майданчики для занять спортом на відкритому повітрі.,Державний класифікатор будівель та споруд (ДК 018:2000),ДК 018:2000
306,2212.2,Станції насосні та фільтраційні на магістральних водопроводах.,Державний класифікатор будівель та споруд (ДК 018:2000),ДК 018:2000
307,1230.3,Станції технічного обслуговування автомобілів.,Державний класифікатор будівель та споруд (ДК 018:2000),ДК 018:2000
308,1242.3,Стоянки автомобільні криті.,Державний класифікатор будівель та споруд (ДК 018:2000),ДК 018:2000
309,1261.1,"Театри, кінотеатри та концертні зали.",Державний класифікатор будівель та споруд (ДК 018:2000),ДК 018:2000
310,2303.6,Термінали для нафтопродуктів портові та прибережні.,Державний класифікатор будівель та споруд (ДК 018:2000),ДК 018:2000
311,1262.3,Технічні центри.,Державний класифікатор будівель та споруд (ДК 018:2000),ДК 018:2000
312,1265.5,Тири.,Державний класифікатор будівель та споруд (ДК 018:2000),ДК 018:2000
313,1230.1,"Торгові центри, універмаги, магазини.",Державний класифікатор будівель та споруд (ДК 018:2000),ДК 018:2000
314,2122.2,Трамвайні колії.,Державний класифікатор будівель та споруд (ДК 018:2000),ДК 018:2000
315,21,Транспортні споруди.,Державний класифікатор будівель та споруд (ДК 018:2000),ДК 018:2000
316,2214.4,Трансформаторні станції та підстанції магістральних ліній електропередачі.,Державний класифікатор будівель та споруд (ДК 018:2000),ДК 018:2000
317,2224.3,Трансформаторні станції та підстанції місцевих електромереж.,Державний класифікатор будівель та споруд (ДК 018:2000),ДК 018:2000
318,2411.2,"Треки та поля для автомобільного, велосипедного та кінного спорту.",Державний класифікатор будівель та споруд (ДК 018:2000),ДК 018:2000
319,2224.2,Тролейбусні лінії.,Державний класифікатор будівель та споруд (ДК 018:2000),ДК 018:2000
320,22,"Трубопроводи, комунікації та лінії електропередачі.",Державний класифікатор будівель та споруд (ДК 018:2000),ДК 018:2000
321,2142.1,Тунелі автодорожні.,Державний класифікатор будівель та споруд (ДК 018:2000),ДК 018:2000
322,2142.2,Тунелі залізничні.,Державний класифікатор будівель та споруд (ДК 018:2000),ДК 018:2000
323,2142.3,Тунелі комбіновані.,Державний класифікатор будівель та споруд (ДК 018:2000),ДК 018:2000
324,2142.4,Тунелі метрополітенів.,Державний класифікатор будівель та споруд (ДК 018:2000),ДК 018:2000
325,2142.5,Тунелі пішохідні.,Державний класифікатор будівель та споруд (ДК 018:2000),ДК 018:2000
326,2142,"Тунелі та метро.<br><i>Цей клас включає:</i><br><ul><li>тунелі автомобільних доріг, залізниць та метрополітенів.</li></ul><br><i>Цей клас включає також:</i><br><ul><li>пристрої для освітлення, сигналізації, забезпечення безпеки та електрифікації.</li></ul>",Державний класифікатор будівель та споруд (ДК 018:2000),ДК 018:2000
327,2142.9,Тунелі та подібні споруди інші.,Державний класифікатор будівель та споруд (ДК 018:2000),ДК 018:2000
328,1212.1,Туристичні бази та гірські притулки.,Державний класифікатор будівель та споруд (ДК 018:2000),ДК 018:2000
329,2223.3,Установки для перероблення стічних вод.,Державний класифікатор будівель та споруд (ДК 018:2000),ДК 018:2000
330,1265.3,Хокейні та льодові стадіони криті.,Державний класифікатор будівель та споруд (ДК 018:2000),ДК 018:2000
331,1252.6,Холодильники.,Державний класифікатор будівель та споруд (ДК 018:2000),ДК 018:2000
332,1272.3,Цвинтарі та крематорії.,Державний класифікатор будівель та споруд (ДК 018:2000),ДК 018:2000
333,1212.3,Центри та будинки відпочинку.,Державний класифікатор будівель та споруд (ДК 018:2000),ДК 018:2000
334,1272.1,"Церкви, собори, костьоли, мечеті, синагоги та т. ін.",Державний класифікатор будівель та споруд (ДК 018:2000),ДК 018:2000
335,1261.3,Цирки.,Державний класифікатор будівель та споруд (ДК 018:2000),ДК 018:2000
336,2301.2,Шахти та споруди підприємств з добування вугілля та сланцю.,Державний класифікатор будівель та споруд (ДК 018:2000),ДК 018:2000
337,2151.4,Шлюзи та інші судноплавні споруди на річках і каналах.,Державний класифікатор будівель та споруд (ДК 018:2000),ДК 018:2000
338,2112.9,"Шляхи, вулиці, дороги та дорожні споруди інші.",Державний класифікатор будівель та споруд (ДК 018:2000),ДК 018:2000
339,1264.5,"Шпиталі виправних закладів, в'язниць та збройних сил.",Державний класифікатор будівель та споруд (ДК 018:2000),ДК 018:2000
